name,lang,n,size(B)_mean,cpu-time(s)_mean,mem(KB)_mean,size(B)_std,cpu-time(s)_std,mem(KB)_std
binarytrees,Ada (gnat),21,1429.3333333333333,24.336555555555556,343938389.3333333,517.5156036294945,10.468828673582612,147202405.25290596
binarytrees,C (clang),7,808.0,0.0095,4083712.0,107.0202473055138,0.00404145188432738,1279307.8619357683
binarytrees,C (clang),21,808.0,15.767270833333335,237096106.66666666,93.663044779928,11.521081390843934,87668491.99437927
binarytrees,C (gcc),7,808.0,0.00775,3657728.0,107.0202473055138,0.003095695936834452,760349.7080615823
binarytrees,C (gcc),21,808.0,15.711625,236842752.0,93.66304477992806,11.822954956310042,87916799.97488531
binarytrees,C# (csharpaot),7,694.75,0.01375,7151616.0,21.468969855739857,0.0005000000000000006,147796.93918346212
binarytrees,C# (csharpaot),21,694.75,18.0748125,1990356992.0,18.78942663285629,0.7819128660235704,884992519.2811071
binarytrees,C# (csharpcore),7,694.75,0.092,33799168.0,21.468969855739857,0.007527726527090807,923472.3972023564
binarytrees,C# (csharpcore),21,694.75,19.378208333333333,2038731349.3333333,18.7894266328563,1.2587157412918484,955811570.4618955
binarytrees,C++ (gpp),21,813.0,7.524,450148181.3333333,126.0796740578207,6.088066995965832,587740021.4054265
binarytrees,C++ (icx),7,808.0,0.016,4518912.0,107.0202473055138,0.015853495934125484,1508341.919857696
binarytrees,C++ (icx),21,808.0,15.781687499999999,237389397.33333334,93.66304477992811,11.491766812580824,87691445.21879634
binarytrees,Chapel,7,543.0,0.03166666666666667,9898666.666666666,89.23564310296643,0.0005773502691896258,43797.20344192447
binarytrees,Chapel,21,543.0,19.981416666666668,878339072.0,73.89413276534789,9.085628193942975,683318701.881445
binarytrees,Dart (dartexe),7,998.6,0.0128,9680486.4,347.4986330908368,0.0026832815729997484,331416.7734270551
binarytrees,Dart (dartexe),21,998.6,31.29205,1357277457.0666666,313.4351607589679,15.581483630132968,1656807781.9451547
binarytrees,Dart (dartjit),7,998.6,1.1558,187346124.8,347.4986330908368,0.03781137395017536,2546785.621932716
binarytrees,Dart (dartjit),21,998.6,42.77446666666666,2747323733.3333335,313.43516075896804,14.377068246751541,1380152223.5307467
binarytrees,Erlang,7,461.0,15.018,577111040.0,121.26554883120488,23.115960085332098,339559028.4706689
binarytrees,Erlang,21,461.0,27.800479166666666,750760960.0,106.1303894955073,19.846006987836596,338948735.0182271
binarytrees,F# (fsharpcore),7,522.0,0.20500000000000002,42149888.0,7.0710678118654755,0.08485281374238571,4196752.285447403
binarytrees,F# (fsharpcore),21,522.0,19.45425,1014080682.6666666,5.107539184552542,4.137809946357363,68068231.79740477
binarytrees,Fortran (ifc),21,967.5,19.720958333333332,340564480.0,191.53271942071856,12.98698172411651,203776823.03861755
binarytrees,Fortran (ifx),21,967.5,19.886416666666666,344085162.6666667,191.53271942071845,13.217927371292124,200151478.3458732
binarytrees,Go,21,678.6666666666666,53.889319444444446,365406606.2222222,162.15138119219088,11.112077066305105,127187129.56509823
binarytrees,Haskell (ghc),7,619.1428571428571,0.014857142857142857,9699328.0,136.62775288038245,0.00037796447300922717,231427.02062925402
binarytrees,Haskell (ghc),21,619.1428571428571,12.01890476190476,425530172.95238096,127.25244266902048,4.739870006399691,207536224.32790157
binarytrees,Java (graalvmaot),7,665.2,0.0156,11584307.2,162.97760582362227,0.0018165902124584951,648885.7810024814
binarytrees,Java (graalvmaot),21,665.2,5.667016666666667,314629393.06666666,147.00176408488372,0.9305753367377796,32792981.07178961
binarytrees,Java (javavm),7,665.2,0.20739999999999997,61585817.6,162.9776058236223,0.01761533422901761,1234390.6103388828
binarytrees,Java (javavm),21,665.2,6.259166666666667,1808623274.6666667,147.00176408488372,0.9567528268844636,69205790.55861247
binarytrees,Java (javaxint),21,665.2,81.46239999999999,1153042705.0666666,147.00176408488366,13.803743130526565,124637100.23900001
binarytrees,JavaScript (node),7,642.3333333333334,0.229,78301866.66666667,160.59369020398447,0.10088111815399352,13027261.085401693
binarytrees,JavaScript (node),21,642.3333333333334,31.145166666666668,1255354595.5555556,132.98420958895844,2.341301341439964,109349507.09335098
binarytrees,Lisp (sbcl),21,766.5,8.555,659094016.0,175.18859403015048,1.1276562458017303,13580613.066575574
binarytrees,Lua,7,592.6666666666666,0.017666666666666667,5206016.0,151.59595421162575,0.009451631252505218,1293460.7673741018
binarytrees,Lua,21,592.6666666666666,162.8087222222222,1617772544.0,125.53337632450015,12.122709290798253,430298150.7175515
binarytrees,MicroPython,7,344.0,0.02,16293888.0,,,
binarytrees,MicroPython,21,344.0,140.07583333333335,1079502165.3333333,0.0,6.692354971204537,10381.758174256036
binarytrees,OCaml,21,613.5,9.129041666666668,545179989.3333334,148.62939027047756,1.3537649426423835,323221755.9754983
binarytrees,PHP,21,685.4285714285714,96.12141666666666,1337659830.857143,230.058467461962,21.515901926618447,586470631.4876145
binarytrees,Pascal (fpascal),21,978.6666666666666,5.096583333333333,136893553.7777778,22.71311766987788,0.048664668908768194,17937.38331467972
binarytrees,Perl,21,692.9591836734694,226.30532653061223,1286792923.4285715,169.67124574497907,58.43127222550574,793360780.5164096
binarytrees,Python 3,21,667.6,124.2479,562707456.0,312.52732490705404,15.543270520209294,215333554.45047078
binarytrees,Ruby,21,512.4,49.86655,869304251.7333333,254.1951205708597,2.400275876976065,750386355.8950857
binarytrees,Rust,7,757.4,0.006,3852697.6,16.410362579784753,0.0,223478.000234475
binarytrees,Rust,21,757.4,5.1523666666666665,172246084.26666668,14.80174062141786,1.2510478451020417,25782024.088339746
binarytrees,Smalltalk (Pharo),21,673.0,35.74608333333333,399407445.3333333,0.0,0.426859239804016,70024.24991559812
binarytrees,Swift,7,799.0,0.039,25305907.2,55.80322571321482,0.0012247448713915898,435443.52339562954
binarytrees,Swift,21,799.0,57.03431666666667,745423803.7333333,50.33312754849989,2.26791396342106,15224409.323097153
binarytrees,Toit,7,390.0,0.0805,72644608.0,9.899494936611665,0.006363961030678933,118748.68440534404
binarytrees,Toit,21,384.0769230769231,782.6637692307692,778155874.4615384,3.8829013735766176,406.4978667154261,117232961.69086792
binarytrees,V,21,824.5,1430.53,2212100096.0,152.02795795510772,1311.866926864154,1938676540.054768
binarytrees,erlang,21,455.5,12.472541666666666,502680746.6666667,30.134481188859684,1.276173491652723,9753194.12234438
binarytrees,racket,7,561.25,0.724,160706560.0,201.7612037368268,0.7240372918572634,76750957.36940299
binarytrees,racket,21,561.25,10.083958333333333,437591893.3333333,176.5793776060633,3.27491145865911,122732509.13041064
fannkuchredux,Ada (gnat),12,2120.0,36.428916666666666,7763285.333333333,0.0,0.013013687433087088,175805.85620473168
fannkuchredux,C (clang),10,974.7142857142857,0.18857142857142856,2795812.5714285714,479.438461218161,0.07559289460184544,821847.3946110388
fannkuchredux,C (clang),12,974.7142857142857,27.981892857142856,2832432.761904762,446.5396964619732,10.880702549759087,808657.1301646697
fannkuchredux,C (gcc),10,974.7142857142857,0.193,2698093.714285714,479.438461218161,0.07806834612483261,473200.0757782816
fannkuchredux,C (gcc),12,974.7142857142857,29.636130952380952,2586819.0476190476,446.5396964619732,12.396530302341125,307478.1420201938
fannkuchredux,C# (csharpaot),10,1002.0,0.21683333333333335,6481920.0,377.55953172976575,0.07102511292962982,463002.02746856306
fannkuchredux,C# (csharpaot),12,1002.0,33.48556944444445,6386005.333333333,347.081838788637,12.344588901621595,260991.94739204674
fannkuchredux,C# (csharpcore),10,1002.0,0.45116666666666666,33182378.666666668,377.55953172976575,0.27336014096182104,506404.87577220984
fannkuchredux,C# (csharpcore),12,1002.0,33.564375000000005,33310208.0,347.08183878863684,12.264797080293448,441602.1079843506
fannkuchredux,C++ (gpp),12,1176.2857142857142,29.799238095238096,4777740.19047619,307.58118025012834,10.729614978235793,1544528.4884249317
fannkuchredux,C++ (icx),10,974.7142857142857,0.19614285714285715,3478089.1428571427,479.438461218161,0.08749748295699439,904024.1893569422
fannkuchredux,C++ (icx),12,974.7142857142857,29.762357142857145,3391292.9523809524,446.53969646197305,12.662664083921575,845401.2651067508
fannkuchredux,Chapel,10,737.0,0.239,9875456.0,,,
fannkuchredux,Chapel,12,737.0,33.60933333333333,9653930.666666666,0.0,0.035645561583539334,183697.99966710823
fannkuchredux,Dart (dartexe),10,699.5,0.31475,9291776.0,352.2787721866496,0.05004248195283683,681402.5629537946
fannkuchredux,Dart (dartexe),12,699.5,51.53006249999999,9339562.666666666,308.3108406593662,8.04890289182123,767932.3500795999
fannkuchredux,Dart (dartjit),10,699.5,1.5035,186294272.0,352.2787721866495,0.11066616465749583,1900720.5435244779
fannkuchredux,Dart (dartjit),12,699.5,55.31479166666667,189441962.66666666,308.3108406593663,9.706820606980394,2234775.3684978676
fannkuchredux,Erlang,10,804.6666666666666,1.8013333333333332,325072213.3333333,327.68938544501765,0.5684191528558247,13293463.93262815
fannkuchredux,Erlang,12,804.6666666666666,36.74666666666666,325548600.8888889,271.35259086920206,4.471140992121424,11392060.162900187
fannkuchredux,F# (fsharpcore),10,862.6666666666666,0.6736666666666666,43925504.0,278.137256284255,0.38723937471973763,3136281.817214773
fannkuchredux,F# (fsharpcore),12,862.6666666666666,61.58694444444445,44710229.333333336,230.31952959809058,37.38208369790033,2801809.661710516
fannkuchredux,Fortran (ifc),12,886.0,39.78670833333333,7738368.0,283.9791786611187,0.7292277320185557,4715631.341705861
fannkuchredux,Fortran (ifx),12,886.0,39.38166666666667,7214933.333333333,283.9791786611187,0.8460636046943568,5151019.532017249
fannkuchredux,Go,12,821.0,44.53135416666667,7279786.666666667,189.53874582842624,6.6368088604856315,5891657.123987883
fannkuchredux,Haskell (ghc),10,868.3333333333334,0.6603333333333333,16179200.0,243.89478605879762,0.6353051760112354,8729591.387585195
fannkuchredux,Haskell (ghc),12,868.3333333333334,100.4775138888889,16781368.888888888,224.20689640233243,96.33146952923416,8335331.962631019
fannkuchredux,Java (graalvmaot),10,897.5,0.30225,17235968.0,437.7522130155369,0.06743082875559714,1027255.241879057
fannkuchredux,Java (graalvmaot),12,897.5,42.480916666666666,17099264.0,383.1163369781749,7.316529652992636,1003042.9240278705
fannkuchredux,Java (javavm),10,897.5,0.5615,61721600.0,437.7522130155369,0.06039039658753705,1052113.3666875765
fannkuchredux,Java (javavm),12,897.5,46.248041666666666,61424640.0,383.11633697817484,6.08107580403313,1289475.9064057874
fannkuchredux,Java (javaxint),10,518.5,4.4695,55083008.0,2.1213203435596424,0.026162950903902832,92681.90002368316
fannkuchredux,Java (javaxint),12,897.5,607.94375,55235584.0,437.7522130155369,110.96172713260191,320246.3478428234
fannkuchredux,JavaScript (node),10,886.0,0.8029999999999999,87963648.0,613.7686860699232,0.28284271247461895,33837582.43677157
fannkuchredux,JavaScript (node),12,886.0,51.22333333333333,87552341.33333333,443.3344012191563,7.250399986967236,23957243.7771789
fannkuchredux,Lisp (sbcl),12,894.5,38.0280625,40322474.666666664,387.3560130565471,6.305964142141001,11192887.071323428
fannkuchredux,Lua,10,469.0,3.294,3391488.0,,,
fannkuchredux,Lua,12,469.0,604.436,3330048.0,,,
fannkuchredux,MicroPython,10,414.0,15.864,3612672.0,,,
fannkuchredux,MicroPython,12,414.0,2796.848,3612672.0,,,
fannkuchredux,OCaml,12,762.25,42.18545833333334,14233088.0,262.1310781415656,6.751921693223229,13032075.642171502
fannkuchredux,PHP,10,458.0,5.056,16363520.0,,,
fannkuchredux,PHP,12,547.8125,772.78475,16782080.0,241.8435358518671,150.58129061540143,1167806.1332295416
fannkuchredux,Pascal (fpascal),12,1057.0,42.36575,3585365.3333333335,0.0,0.013538665168526075,94931.06443322038
fannkuchredux,Perl,12,491.0,1611.0523333333333,10563584.0,75.97367965289031,296.96405184690843,5274749.538401231
fannkuchredux,Python 3,12,588.3333333333334,1540.0240000000001,17483093.333333332,322.0781478668389,805.1042350025244,9714708.094283704
fannkuchredux,Ruby,12,757.0,1362.634,19688106.666666668,610.6971426165346,735.4595355803064,3456194.8326315945
fannkuchredux,Rust,10,1126.75,0.1695,3970048.0,120.75698737547243,0.050823223038292245,122760.47520272968
fannkuchredux,Rust,12,1126.75,26.78625,3942656.0,105.6853016210078,7.62908558559546,112182.82774949276
fannkuchredux,Smalltalk (Pharo),12,871.0,482.086,143667200.0,,,
fannkuchredux,Swift,10,786.5,0.246,13664256.0,447.59859249108456,0.0339411254969543,341764.50633733167
fannkuchredux,Swift,12,786.5,33.61208333333333,13626538.666666666,323.30723038217275,1.1195667996330494,147574.5739036384
fannkuchredux,Toit,10,416.0,11.77,72646656.0,,,
fannkuchredux,Toit,12,416.0,2130.683,72884224.0,,,
fannkuchredux,V,12,916.0,915.626,514514944.0,,,
fannkuchredux,erlang,12,1044.0,259.3498333333333,64811008.0,0.0,1.5514670964977628,544099.8554770828
fannkuchredux,racket,10,893.3333333333334,1.1500000000000001,123816618.66666667,227.84717100138272,0.09042123644365843,2645275.107832329
fannkuchredux,racket,12,893.3333333333334,125.49624999999999,127744796.44444445,188.67538260197074,13.505796087764892,1391752.9918439346
fasta,Ada (gnat),25000000,1919.6666666666667,4.203444444444445,27936768.0,387.14987869225604,2.2644636507122002,73384823.40577853
fasta,C (clang),250000,1474.0,0.052,5718601.142857143,482.007607132225,0.04051337227796933,1552550.4763104515
fasta,C (clang),25000000,1474.0,3.2502619047619046,24960341.333333332,448.9325492041532,2.3358923947770047,72751008.92273341
fasta,C (gcc),250000,1474.0,0.049571428571428565,5462308.571428572,482.00760713222496,0.036257675706242505,1058916.6314894445
fasta,C (gcc),25000000,1474.0,3.311392857142857,24602916.57142857,448.9325492041537,2.3553997282729666,72762960.37563118
fasta,C# (csharpaot),250000,1557.75,0.065,11795456.0,502.85609273429316,0.023706539182259397,2328981.8420886556
fasta,C# (csharpaot),25000000,1557.75,4.404895833333334,37184000.0,440.09459814811277,2.013559685219118,74168232.68376541
fasta,C# (csharpcore),250000,1557.75,0.16349999999999998,39928832.0,502.8560927342931,0.05927618971110295,4153603.0215089163
fasta,C# (csharpcore),25000000,1557.75,4.654354166666667,62174037.333333336,440.09459814811305,2.026197848918262,73462562.35601588
fasta,C++ (gpp),25000000,1866.875,2.7591875,27356330.666666668,690.6058552954943,0.8437154211237967,72683297.72292371
fasta,C++ (icx),250000,1756.3333333333333,0.042277777777777775,6032725.333333333,368.38710458365586,0.018181456472932088,963855.8526311361
fasta,C++ (icx),25000000,1397.0,2.952125,25259121.777777776,439.9045991326166,2.5070857552455066,72848330.09201288
fasta,Chapel,250000,1239.3333333333333,0.06899999999999999,13066240.0,142.59149109723668,0.014730919862656233,743883.6705614662
fasta,Chapel,25000000,1239.3333333333333,2.8140277777777776,32220046.222222224,118.07697247376997,1.4443587303933507,73352803.85344447
fasta,Dart (dartexe),250000,1202.6666666666667,0.13749999999999998,17025024.0,245.8346327649273,0.12153476868781211,2600911.299071616
fasta,Dart (dartexe),25000000,1202.6666666666667,10.511083333333334,233163377.7777778,225.9901530947192,9.5140065059771,218379588.14637902
fasta,Dart (dartjit),250000,1202.6666666666667,1.3748333333333334,189876906.66666666,245.8346327649273,0.1309586448718322,675820.967812827
fasta,Dart (dartjit),25000000,1202.6666666666667,12.304125,408290872.8888889,225.99015309471935,9.519103517290235,212833585.61148638
fasta,Erlang,250000,1067.8333333333333,1.4328333333333332,337457834.6666667,123.91677314498901,0.6874775390270339,20520362.91006253
fasta,Erlang,25000000,1067.8333333333333,4.771680555555555,376173056.0,113.9138542811325,3.4292152505414664,85787037.60551904
fasta,F# (fsharpcore),250000,1358.0,0.245,52387840.0,4.242640687119285,0.0014142135623730963,2247536.0755743166
fasta,F# (fsharpcore),25000000,1358.0,4.814875,85016064.0,3.064523510731528,0.7525407579601952,76460771.47479679
fasta,Fortran (ifc),25000000,1255.0,5.662444444444444,23948970.666666668,72.39889501919208,2.6782252059840403,73342021.32386918
fasta,Fortran (ifx),25000000,1255.0,4.87375,23962624.0,72.39889501919203,2.6267870148583747,73390033.69148412
fasta,Go,25000000,1175.5,5.922291666666666,29252864.0,219.84114187197653,3.3871657012299607,73095326.67912054
fasta,Haskell (ghc),250000,1549.1666666666667,0.08616666666666667,19109888.0,475.2390626481231,0.06473767578981088,5380679.808142016
fasta,Haskell (ghc),25000000,1549.1666666666667,6.736888888888888,219616483.55555555,436.8763966106352,5.8224917045412985,264117630.01558006
fasta,Java (graalvmaot),250000,1741.6,0.1236,23266099.2,740.1238409887902,0.04419049671592299,3675686.3623572676
fasta,Java (graalvmaot),25000000,1741.6,5.3564,59714286.93333333,667.5733743713058,2.907327500165803,81149319.64131813
fasta,Java (javavm),250000,1741.6,0.47140000000000004,72379596.8,740.1238409887902,0.28939471315143267,13052016.120528935
fasta,Java (javavm),25000000,1741.6,5.4302,115626803.2,667.5733743713058,2.970427651685579,91163808.01031749
fasta,Java (javaxint),25000000,1931.8775510204082,35.30597959183673,87746685.3877551,588.3742301408839,42.987929228975524,90983355.35606647
fasta,JavaScript (node),250000,1202.3333333333333,0.6966666666666667,87250261.33333333,735.0077097101318,0.15526214391580878,27605036.999542918
fasta,JavaScript (node),25000000,1202.3333333333333,22.279666666666667,111158272.0,608.6442075864777,13.74895170861089,76979526.05581534
fasta,Lisp (sbcl),25000000,1603.25,6.993604166666667,50380373.333333336,119.8666812612902,2.100597460496917,73119598.4141171
fasta,Lua,250000,1065.0,0.254,6344704.0,0.0,0.004242640687119289,0.0
fasta,Lua,25000000,1065.0,25.104916666666668,25505109.333333332,0.0,1.2688913311016548,73868537.10898753
fasta,MicroPython,250000,730.0,6.595,8499200.0,,,
fasta,MicroPython,25000000,730.0,637.945,267743232.0,,,
fasta,OCaml,25000000,1134.5,4.056708333333334,128527701.33333333,60.77971629617466,0.6946147183036493,127823021.01900978
fasta,PHP,25000000,959.6666666666666,43.0725,38242986.666666664,143.26080113854294,8.62272100077132,73405804.46448845
fasta,Pascal (fpascal),25000000,1210.5,5.652458333333333,22137173.333333332,14.811863635202208,0.04434153923184532,73911729.72417368
fasta,Perl,25000000,922.0,91.38254166666667,55440725.333333336,48.01086833479338,29.858151888087477,78214854.26669456
fasta,Python 3,25000000,1129.0,71.50805,268925610.6666667,436.5723191299564,43.52303092730506,479046883.74776214
fasta,Ruby,25000000,907.1666666666666,96.82502777777778,139697208.8888889,149.0424837817425,52.795587279052604,113140759.75874355
fasta,Rust,250000,1592.0,0.04475,6990336.0,576.4165160714949,0.01410926747111375,843906.4753490165
fasta,Rust,25000000,1592.0,3.21528125,57348138.666666664,542.0186829174608,0.9469172887030507,90416315.15901607
fasta,Smalltalk (Pharo),25000000,1378.0,69.13583333333334,164549632.0,3.064523510731528,26.04675651954395,73889429.68848176
fasta,Swift,250000,1602.5,0.13774999999999998,20561920.0,569.0228466415035,0.07197395362212639,9671903.571652755
fasta,Swift,25000000,1602.5,8.711375,41379584.0,498.00307612482413,5.588332052856086,74024232.19385388
fasta,Toit,250000,846.5,2.506,75974656.0,167.58430714121175,2.306582320230518,1184590.5346777004
fasta,Toit,25000000,946.7692307692307,105.69523076923078,435987062.15384614,65.73197325268966,91.64222651808666,48686756.60192277
fasta,V,25000000,1542.0,481.523,776273920.0,,,
fasta,erlang,25000000,1107.5,96.16429166666667,85653504.0,63.84423980690621,76.24332487473714,73246370.24987644
fasta,racket,250000,1181.0,0.514,125429760.0,155.56349186104046,0.03676955262170051,275149.3906953094
fasta,racket,25000000,1181.0,13.440125,149246122.66666666,112.36586206015477,5.3180562018753,74008606.49121052
knucleotide,Ada (gnat),25000000,4911.0,17.01275,290722474.6666667,0.0,0.4761986073439979,73556665.79663414
knucleotide,C (clang),250000,1512.0,0.311,12820480.0,,,
knucleotide,C (clang),25000000,1512.0,14.088833333333334,155395754.66666666,0.0,0.16675176615302012,73491865.14518197
knucleotide,C (gcc),250000,1512.0,0.153,13742080.0,,,
knucleotide,C (gcc),25000000,1512.0,12.294666666666666,156429653.33333334,0.0,0.32690096730392526,73569997.35279787
knucleotide,C# (csharpaot),250000,1514.2,0.5522,39546060.8,486.63507888355105,0.3460082368961756,10967273.633963328
knucleotide,C# (csharpaot),25000000,1514.2,39.034666666666666,576271360.0,438.93278895559735,24.686306656962316,445294285.79795134
knucleotide,C# (csharpcore),250000,1514.2,0.8362,73281536.0,486.6350788835511,0.30325682185236985,22001333.72106191
knucleotide,C# (csharpcore),25000000,1514.2,38.878400000000006,617464695.4666667,438.9327889555973,25.139000437364857,448672706.37413
knucleotide,C++ (gpp),25000000,1455.3333333333333,11.982972222222223,392061724.4444444,146.58941688558937,4.09325712770308,301017375.95673466
knucleotide,C++ (icx),250000,1512.0,0.305,13242368.0,,,
knucleotide,C++ (icx),25000000,1512.0,13.5005,155800576.0,0.0,0.16988900119570066,73534633.78885378
knucleotide,Chapel,250000,1059.0,0.4465,79618048.0,21.213203435596427,0.03889087296526009,4715191.6637048805
knucleotide,Chapel,25000000,1059.0,20.209208333333333,217952085.33333334,15.322617553657341,2.611656845079245,71670934.08294712
knucleotide,Dart (dartexe),250000,943.3333333333334,4.199666666666666,120186197.33333333,505.174557290184,2.8620825168630857,62185499.294070326
knucleotide,Dart (dartexe),25000000,943.3333333333334,393.73861111111114,434322318.2222222,418.32427613037237,252.7295874548557,155853671.31022152
knucleotide,Dart (dartjit),250000,943.3333333333334,5.541,288283306.6666667,505.17455729018394,2.8405930718777723,65383899.31553698
knucleotide,Dart (dartjit),25000000,943.3333333333334,405.0933611111111,596474880.0,418.3242761303722,257.72967325820315,152188853.6576807
knucleotide,Erlang,250000,1015.6666666666666,4.587,414894762.6666667,340.83622655658735,0.3920255093740718,141435.61742833763
knucleotide,Erlang,25000000,1015.6666666666666,57.92647222222222,952947256.8888888,282.2392095874906,55.276049742819296,552793914.781272
knucleotide,F# (fsharpcore),250000,1528.0,0.8836666666666666,98592768.0,515.5606656834867,0.4051161150419305,35893103.12293025
knucleotide,F# (fsharpcore),25000000,1528.0,32.887347222222225,732501504.0,473.94312370477786,28.08067696665996,530620759.8537367
knucleotide,Go,25000000,1448.4,37.178583333333336,254688938.66666666,356.0578509460773,12.987049455869835,176447364.2115911
knucleotide,Haskell (ghc),250000,1608.3333333333333,1.6846666666666668,72653482.66666667,607.9065169360609,0.37275371672638397,27573609.505212434
knucleotide,Haskell (ghc),25000000,1608.3333333333333,104.32283333333334,672063829.3333334,503.3944207648142,20.218951585791274,206818578.0726456
knucleotide,Java (graalvmaot),250000,1662.5,0.614,127436117.33333333,482.2765803975971,0.29730052135843965,76381635.97532125
knucleotide,Java (graalvmaot),25000000,1662.5,42.64213888888889,489344682.6666667,443.3458256561807,23.076789397791355,398326494.520106
knucleotide,Java (javavm),250000,1662.5,1.4063333333333334,177156778.66666666,482.2765803975972,0.3083113145291082,78676690.61470176
knucleotide,Java (javavm),25000000,1662.5,39.15419444444444,501452344.8888889,443.3458256561807,22.812794825809384,346636119.2661512
knucleotide,Java (javaxint),250000,938.5714285714286,34.71107142857143,210417664.0,388.04573764634307,12.016373409543426,37487453.657660276
knucleotide,Java (javaxint),25000000,1826.25,579.2,438937600.0,127.02257017291586,291.62400102826473,101450703.99254902
knucleotide,JavaScript (node),250000,1111.75,1.703,190345216.0,491.5359430736814,0.2332395049443097,38091876.406867854
knucleotide,JavaScript (node),25000000,1111.75,96.02364583333333,1132404736.0,430.18731694411264,30.333312508246784,570558123.919141
knucleotide,Lisp (sbcl),25000000,2019.8333333333333,31.319069444444445,441281080.8888889,520.8512263593128,12.10877395815767,193605162.501993
knucleotide,Lua,250000,620.0,1.129,26767360.0,,,
knucleotide,Lua,25000000,620.0,90.99566666666665,634244778.6666666,0.0,0.37357640896252375,73518290.5577765
knucleotide,OCaml,25000000,1326.6666666666667,50.6575,354044928.0,395.41630864553014,8.29704361633881,78985163.86860475
knucleotide,PHP,25000000,930.5,85.02566666666667,481197056.0,367.2320673693241,4.746613013660298,206625121.47073683
knucleotide,Perl,25000000,506.75,145.5060625,1082563754.6666667,106.00612186256238,25.845403267502714,243199442.20574382
knucleotide,Python 3,25000000,854.2,226.22841666666667,570653832.5333333,565.7698160433823,21.0823598728059,123946067.31979814
knucleotide,Ruby,25000000,586.3157894736842,269.42373684210526,303277648.84210527,150.5742351283746,43.28643361576605,155418063.27200085
knucleotide,Rust,250000,1577.125,0.254125,25584640.0,251.36623111081795,0.21218687013371693,10185697.005970452
knucleotide,Rust,25000000,1577.125,19.728177083333332,168301056.0,236.36587383924416,17.56467269145045,71463056.45331757
knucleotide,Smalltalk (Pharo),25000000,1150.5,528.27,671578112.0,64.34671708797582,48.14831494455441,234601.059434948
knucleotide,Swift,250000,879.3333333333334,1.6986666666666668,60689066.666666664,428.28767590643247,0.7833015596392829,24924135.54290775
knucleotide,Swift,25000000,879.3333333333334,154.37066666666666,545851278.2222222,354.65588956057104,76.15980062774025,193514584.66582853
knucleotide,Toit,250000,558.0,177.42241666666666,96193194.66666667,0.0,1.529709981920711,733616.2166014401
knucleotide,V,25000000,1219.5,967.6235,1112758272.0,146.37110370561533,102.93424124410701,5413202.223258245
knucleotide,erlang,250000,944.5,5.1,154785792.0,0.7071067811865476,0.3846660889654819,53092247.16669175
knucleotide,erlang,25000000,944.5,5673.142,2681808896.0,0.7071067811865476,93.59265355785088,1944787752.8375797
knucleotide,racket,250000,723.5,1.991,180293632.0,239.7091988222396,0.683065150626205,22429019.805731323
knucleotide,racket,25000000,723.5,130.94145833333334,1882387114.6666667,173.14557835632942,70.41970357727466,904954933.9267048
mandelbrot,Ada (gnat),16000,1204.0,22.132875,26139818.666666668,634.3563667214195,6.466465692239699,20185332.50595372
mandelbrot,C (clang),1000,757.4285714285714,0.06614285714285714,4251062.857142857,177.84436748915905,0.02349062629666403,921376.7517961782
mandelbrot,C (clang),16000,757.4285714285714,13.232273809523809,34145328.76190476,165.64079918474528,6.288099499027292,15032158.398263436
mandelbrot,C (gcc),1000,806.125,0.06175,3489792.0,214.66481347174053,0.02405796571378624,464535.62369562755
mandelbrot,C (gcc),16000,806.125,13.5319375,33970901.333333336,201.8546246031639,5.776512351187441,14275721.555141004
mandelbrot,C# (csharpaot),1000,898.0,0.11142857142857143,6737334.857142857,504.98283799221,0.06532956743276647,491823.8552854158
mandelbrot,C# (csharpaot),16000,898.0,22.680476190476192,32740790.85714286,470.3312342163956,12.123549713265856,17734593.60348081
mandelbrot,C# (csharpcore),1000,898.0,0.32885714285714285,34660937.14285714,504.98283799221,0.17070777034787507,1925117.7175265092
mandelbrot,C# (csharpcore),16000,898.0,23.188738095238097,62125836.190476194,470.33123421639567,11.993830220253505,18834549.42353731
mandelbrot,C++ (gpp),16000,1368.3333333333333,11.653666666666666,36727580.44444445,1044.6167476796024,7.377071242176636,13690142.45542952
mandelbrot,C++ (icx),1000,752.3333333333334,0.07216666666666667,4551338.666666667,194.25824735816667,0.017520464225204386,994778.0626151074
mandelbrot,C++ (icx),16000,752.3333333333334,13.790236111111112,33570076.44444445,178.57716208099342,5.036911046179824,15561032.959804075
mandelbrot,Chapel,1000,514.5,0.094,10115072.0,95.45941546018392,0.0608111831820431,118748.68440534404
mandelbrot,Chapel,16000,514.5,15.507375000000001,44586837.333333336,68.9517789914587,11.224206205349999,9316451.52335167
mandelbrot,Dart (dartexe),1000,658.1666666666666,0.31916666666666665,10646186.666666666,235.01524773228368,0.3255324356598996,1174880.7970000475
mandelbrot,Dart (dartexe),16000,658.1666666666666,67.79029166666666,37093660.44444445,216.04413998656662,65.79193689658234,32118357.182462744
mandelbrot,Dart (dartjit),1000,658.1666666666666,1.5021666666666667,188966229.33333334,235.01524773228368,0.2587372541144137,1034107.1080298532
mandelbrot,Dart (dartjit),16000,658.1666666666666,58.65754166666667,210902869.33333334,216.0441399865667,48.65929943688442,25857657.745024305
mandelbrot,Erlang,1000,566.4285714285714,1.5634285714285714,336946322.28571427,86.21650488326303,0.44352822425893673,21023691.60065927
mandelbrot,Erlang,16000,566.4285714285714,8.375559523809525,366799920.7619048,80.30038270764865,7.538089253837732,16147947.78434495
mandelbrot,F# (fsharpcore),1000,962.3333333333334,0.665,44410197.333333336,83.69189526670627,0.03905124837953321,4241467.498053631
mandelbrot,F# (fsharpcore),16000,962.3333333333334,20.63525,70681600.0,69.30347342356966,5.444876823347667,15840081.285532044
mandelbrot,Fortran (ifc),16000,697.0,22.174041666666668,73093632.0,164.67375871252418,15.682279800555397,16493461.55981342
mandelbrot,Fortran (ifx),16000,697.0,20.682937499999998,78319786.66666667,164.6737587125242,9.20828592963794,18422108.84596001
mandelbrot,Go,16000,781.8333333333334,21.94411111111111,33679075.55555555,143.53848185991063,5.5482408442995395,15557861.833995331
mandelbrot,Haskell (ghc),1000,1134.0,0.10833333333333334,15116970.666666666,741.3710272191651,0.061337862151637904,4334817.00967288
mandelbrot,Haskell (ghc),16000,1134.0,23.082361111111112,129917041.77777778,613.9135350938507,13.454941556708613,104202124.0408419
mandelbrot,Java (graalvmaot),1000,716.5,0.1415,19688106.666666668,163.42918955927058,0.05072573311446568,2267497.1617177096
mandelbrot,Java (graalvmaot),16000,716.5,22.938569444444443,52506680.88888889,150.23671462906543,7.262534099362654,25689470.975554623
mandelbrot,Java (javavm),1000,716.5,0.3821666666666667,61355349.333333336,163.42918955927058,0.028117017385680638,1000620.7479653149
mandelbrot,Java (javavm),16000,716.5,22.22338888888889,95040967.1111111,150.23671462906537,6.334427276167743,24776200.06978364
mandelbrot,Java (javaxint),1000,441.0,2.623,55111680.0,,,
mandelbrot,Java (javaxint),16000,716.5,624.8995,119289856.0,163.42918955927058,190.96323224196848,25662721.8231173
mandelbrot,JavaScript (node),1000,585.5,0.55375,79833088.0,362.1100201135929,0.13997231869194707,22406982.841266487
mandelbrot,JavaScript (node),16000,585.5,49.310125,91307349.33333333,316.9150500310299,27.65038633459083,32671235.256225813
mandelbrot,Lisp (sbcl),16000,1943.6666666666667,19.81897222222222,63238371.55555555,748.5237280331008,4.568810514071695,9210589.868692828
mandelbrot,Lua,1000,433.0,2.03725,4861952.0,131.39507854812015,0.12178772516144623,2452572.706946456
mandelbrot,Lua,16000,433.0,518.3606874999999,165981269.33333334,114.9956520917204,26.627909050273267,279616393.2765987
mandelbrot,MicroPython,1000,386.38461538461536,19.92569230769231,5963460.923076923,20.24655716222086,2.6126498165851775,77219.13390093313
mandelbrot,MicroPython,16000,319.0,2769.524,38891520.0,,,
mandelbrot,OCaml,16000,586.5,29.515583333333336,36749824.0,139.43581973828302,0.726378624270499,30579468.78731088
mandelbrot,PHP,16000,656.6,274.29356,38105088.0,220.1374570580845,31.79878421821606,20696573.764440913
mandelbrot,Pascal (fpascal),16000,830.6666666666666,26.292291666666667,33402880.0,147.13106162797393,5.066217589110367,16539349.76014167
mandelbrot,Perl,16000,592.0,1973.839,114569216.0,,,
mandelbrot,Python 3,16000,529.8,1029.6134,88976588.8,204.71614494221015,325.4202015729817,79824145.50800961
mandelbrot,Ruby,16000,679.0,897.5976,103314227.2,314.69111840024976,494.77520180714396,51839589.00471942
mandelbrot,Rust,1000,969.1428571428571,0.026857142857142857,4416658.285714285,257.8497162893072,0.006491753010001009,352682.12542444613
mandelbrot,Rust,16000,969.1428571428571,4.80422619047619,35912216.38095238,240.1562314214095,1.2930248215658164,10876487.951779786
mandelbrot,Smalltalk (Pharo),16000,573.5,355.193,175882240.0,0.7071067811865476,15.720397959339364,480787.35637285636
mandelbrot,Swift,1000,757.0,0.11299999999999999,18438553.6,370.7000134879954,0.04886716689148247,6874617.483217288
mandelbrot,Swift,16000,757.0,18.079583333333336,41455479.46666667,334.3622312626162,10.33112775817092,23547981.833986856
mandelbrot,Toit,1000,421.0,7.084,72966144.0,,,
mandelbrot,Toit,16000,421.0,1819.098,105435136.0,,,
mandelbrot,V,16000,609.0,787.418,547446784.0,,,
mandelbrot,erlang,16000,805.5,220.75495833333332,98498218.66666667,7.661308776828671,6.317497932617235,7399025.626712578
mandelbrot,racket,1000,683.5,0.5715,124338176.0,147.55225063233252,0.018645821694595985,2930750.2551039727
mandelbrot,racket,16000,683.5,44.367020833333335,145088085.33333334,129.13624670388236,6.704671783388131,29398298.048301022
nbody,Ada (gnat),50000000,2114.25,8.184083333333334,5972480.0,434.7150937866747,1.611403337563893,18212.82454872252
nbody,C (clang),500000,1307.4444444444443,0.06866666666666667,2835797.3333333335,154.91135457989444,0.021447610589527218,234422.2067296525
nbody,C (clang),50000000,1307.4444444444443,5.256731481481482,2858021.925925926,146.73272372527558,1.2068737137202101,215625.79987985257
nbody,C (gcc),500000,1307.4444444444443,0.058333333333333334,2428472.888888889,154.9113545798944,0.014628738838327793,13957.1529729781
nbody,C (gcc),50000000,1307.4444444444443,4.979712962962963,2487485.6296296297,146.73272372527546,1.2433076028660046,27003.41856121898
nbody,C# (csharpaot),500000,1648.5555555555557,0.07277777777777777,6087111.111111111,418.0158822075757,0.016798644125179993,171279.96471015262
nbody,C# (csharpaot),50000000,1648.5555555555557,5.816944444444444,6148096.0,395.9465019402923,1.7053291886743003,162995.65612697057
nbody,C# (csharpcore),500000,1648.5555555555557,0.19644444444444445,32572302.222222224,418.01588220757566,0.07164689649787893,527000.0963913047
nbody,C# (csharpcore),50000000,1648.5555555555557,5.858925925925926,32740200.296296295,395.9465019402924,1.6381101414688963,547717.2621417567
nbody,C++ (gpp),50000000,1614.2222222222222,5.36086111111111,2778984.296296296,165.7247652564778,1.3977797043972708,838594.7364837375
nbody,C++ (icx),500000,1307.4444444444443,0.07244444444444445,3007829.3333333335,154.91135457989444,0.020537229067665815,91612.23883302927
nbody,C++ (icx),50000000,1307.4444444444443,5.335083333333333,2978550.5185185187,146.73272372527543,1.4204996825521792,51814.231742045034
nbody,Chapel,500000,995.6666666666666,0.08366666666666667,9788074.666666666,27.300793639257687,0.011372481406154659,44178.608639626924
nbody,Chapel,50000000,995.6666666666666,4.654666666666667,9791146.666666666,22.60720491979746,0.883382977940081,128387.13022818348
nbody,Dart (dartexe),500000,1318.0,0.096,9003008.0,67.2061505121865,0.015253414918196736,38423.8859044734
nbody,Dart (dartexe),50000000,1318.0,8.1440625,8957696.0,58.81814743839781,1.2374597075967895,49559.95242557761
nbody,Dart (dartjit),500000,1318.0,1.262,187061248.0,67.2061505121865,0.01892088792842442,1289831.9608755277
nbody,Dart (dartjit),50000000,1318.0,9.702520833333333,191258368.0,58.81814743839781,1.9399866416471796,975528.6249054252
nbody,Erlang,500000,1232.25,2.274,397683712.0,213.2797458738171,0.8038685630541018,34607816.77697345
nbody,Erlang,50000000,1232.25,12.095270833333332,397731498.6666667,186.6602899113447,9.998695916541898,30255200.758092687
nbody,F# (fsharpcore),500000,1389.5,0.3273333333333333,43347285.333333336,125.12194052203634,0.03526849396652296,1512766.3516906584
nbody,F# (fsharpcore),50000000,1389.5,6.692444444444444,43656021.333333336,115.0217370760849,1.0053640765650902,1463234.549020649
nbody,Fortran (ifc),50000000,1433.3333333333333,5.618222222222222,2146076.4444444445,158.72023398438006,0.7293956252204746,12950.662112486738
nbody,Fortran (ifx),50000000,1483.4,4.517383333333333,2149717.3333333335,122.56014780714199,0.7773960684073088,45506.05832591506
nbody,Go,50000000,1242.25,7.567645833333334,3167317.3333333335,43.5394172108887,1.2429074953953445,95772.18138747984
nbody,Haskell (ghc),500000,1800.5,0.089,9689088.0,123.74368670764582,0.0014142135623730963,20274.16563018069
nbody,Haskell (ghc),50000000,1800.5,6.919208333333334,9976320.0,89.38193572966861,0.4099673347715775,135804.9813212023
nbody,Java (graalvmaot),500000,1425.8333333333333,0.13699999999999998,20890965.333333332,56.38232583590949,0.01422673539502298,1860270.7501361906
nbody,Java (graalvmaot),50000000,1425.8333333333333,6.902986111111111,20751587.555555556,51.83098208818112,0.44804663656451693,1716790.500637063
nbody,Java (javavm),500000,1425.8333333333333,0.347,61196288.0,56.38232583590949,0.03272919186292261,571956.2060325955
nbody,Java (javavm),50000000,1425.8333333333333,7.49325,61234631.11111111,51.83098208818107,0.2981446737388969,483859.7794965104
nbody,Java (javaxint),50000000,1425.8333333333333,184.2537777777778,56573667.55555555,51.83098208818104,27.389502326041484,113345.7027324496
nbody,JavaScript (node),500000,1223.5,0.323,66631680.0,71.4177848998413,0.0014142135623730963,118748.68440534404
nbody,JavaScript (node),50000000,1223.5,9.235041666666666,66832725.333333336,51.58614576398026,0.6104139350485442,195823.28423499226
nbody,Lisp (sbcl),50000000,1390.5,8.546875,27680085.333333332,17.876387145933727,0.7413353000997008,123965.49342411422
nbody,Lua,500000,1239.6666666666667,2.349,3376469.3333333335,62.74020507882748,0.15614416415607726,150180.460477831
nbody,Lua,50000000,1239.6666666666667,237.1834722222222,3270769.777777778,51.953825653170256,14.850532318474764,4094.3742805471747
nbody,MicroPython,500000,1172.0,17.394,5959680.0,,,
nbody,MicroPython,50000000,1172.0,1732.053,5976064.0,,,
nbody,OCaml,50000000,1255.0,6.950333333333333,4068010.6666666665,0.0,0.003892494720807702,66019.0681288826
nbody,PHP,50000000,1166.5,223.935875,16471552.0,80.18836519747404,19.855657142207956,35148.326973605916
nbody,Pascal (fpascal),50000000,1372.3333333333333,6.611583333333333,573553.7777777778,49.58340736288995,0.42220701591247195,33641.19113834036
nbody,Perl,50000000,1431.0,451.65,8740864.0,,,
nbody,Python 3,50000000,1206.6666666666667,446.75033333333334,12416341.333333334,37.81974792794541,78.63224718481172,191346.48603340817
nbody,Ruby,50000000,1155.5,198.18626923076923,18183719.384615384,13.197727077038643,119.62366654054964,126183.80370335202
nbody,Rust,500000,1817.0,0.052375,3046400.0,202.50855361123462,0.015629070898260624,105767.70752117927
nbody,Rust,50000000,1817.0,4.13303125,3030442.6666666665,190.42379329440854,1.0783570198088632,48787.68375612565
nbody,Smalltalk (Pharo),50000000,1801.0,116.42008333333332,143029248.0,0.0,0.815496776464654,44635.12518184543
nbody,Swift,500000,1374.25,0.4785,20438528.0,163.07382202110622,0.9978494017492963,6140967.992437488
nbody,Swift,50000000,1374.25,41.266947916666666,20396970.666666668,153.34234145926737,93.63229389966399,5850927.573751558
nbody,Toit,500000,1129.0,5.379,72724480.0,,,
nbody,Toit,50000000,1129.0,503.469,72851456.0,,,
nbody,V,50000000,1787.0,569.023,514703360.0,,,
nbody,erlang,50000000,1405.0,105.00366666666667,63896576.0,0.0,0.9319165328732043,391003.22850468854
nbody,racket,500000,1599.0,0.7155,128792576.0,135.7645019878171,0.16617009357883863,89785.59064794306
nbody,racket,50000000,1599.0,27.696291666666667,129299797.33333333,98.06475234340796,13.592730945744707,231599.78753962796
nbodyinprocess,C (clang),50000000,1252.0,20.08695833333333,2941098.6666666665,14.301109716746986,14.661715177792473,110763.22118616915
nbodyinprocess,C (gcc),50000000,1242.0,9.491785714285713,2439168.0,10.167822548835959,10.039759828406652,94812.24281867665
nbodyinprocess,C# (csharpaot),50000000,1401.5,24.54279166666667,6141781.333333333,14.811863635202208,17.895803510950167,140816.12134320746
nbodyinprocess,C# (csharpcore),50000000,1401.5,24.7765,33260032.0,14.811863635202208,17.93773497891841,216545.71152168768
nbodyinprocess,C++ (icx),50000000,1242.0,10.35392857142857,2968137.1428571427,10.167822548835874,10.874373937517829,71372.94610797481
nbodyinprocess,Dart (dartexe),50000000,1360.0,25.0655,9017514.666666666,15.322617553657341,18.312315926957346,71630.1607271484
nbodyinprocess,Dart (dartjit),50000000,1360.0,26.24116666666667,192893098.66666666,15.322617553657341,18.51842670016207,1161499.022739247
nbodyinprocess,Go,50000000,1269.142857142857,16.50992857142857,3176448.0,10.530959068437156,17.472163647727406,69190.4188298217
nbodyinprocess,Java (graalvmaot),50000000,1439.5,25.511583333333334,20000938.666666668,14.811863635202208,18.575727064983315,228750.18562210168
nbodyinprocess,Java (javavm),50000000,1439.5,26.891041666666666,63018666.666666664,14.811863635202208,19.636321893876346,1633948.4197100354
nbodyinprocess,Java (javaxint),50000000,1439.5,560.4481666666667,56601258.666666664,14.811863635202208,412.541849792728,95882.36580249948
nbodyinprocess,JavaScript (node),50000000,1266.0,34.024125,66682026.666666664,15.322617553657341,24.770832678624092,156908.15582501
nbodyinprocess,PHP,50000000,1301.2857142857142,415.49307142857145,16523849.142857144,10.894095588038414,436.3982062787406,12220.297005437154
nbodyinprocess,Python 3,50000000,1218.5714285714287,904.5695714285714,12534345.142857144,11.620368627240977,949.899491862466,76542.4804876924
nbodyinprocess,Ruby,50000000,1200.857142857143,546.6612857142857,18326089.14285714,9.804686029234592,576.853245297067,94745.6193449329
nbodyinprocess,Swift,50000000,1348.5,23.475125000000002,12911274.666666666,14.811863635202208,17.131607971213555,128467.57405213393
nbodyinprocess,Toit,50000000,1178.4285714285713,877.1202142857144,72770706.28571428,11.257232107639695,922.8571962472917,142736.8510034251
pidigits,Ada (gnat),10000,1150.0,2.6210833333333334,7545514.666666667,13.279601879836436,1.9157825263859667,135610.6935922817
pidigits,C (clang),2000,440.5,0.031,3289088.0,26.16295090390226,0.0,127437.61253256434
pidigits,C (clang),10000,440.5,0.7433333333333333,3859285.3333333335,18.897894982844193,0.005537749241945398,122302.70576219317
pidigits,C (gcc),2000,440.5,0.046,3225600.0,26.16295090390226,0.0,31859.403133141084
pidigits,C (gcc),10000,440.5,0.7414166666666667,3882666.6666666665,18.897894982844193,0.004907108124438138,151823.29966649762
pidigits,C# (csharpaot),2000,971.5,0.65375,7693312.0,274.1295314262949,0.9536003268315996,1067201.906884853
pidigits,C# (csharpaot),10000,971.5,28.315749999999998,8630357.333333334,239.91541062490992,41.40356031072998,963505.9317038379
pidigits,C# (csharpcore),2000,971.5,0.33025,35573760.0,274.1295314262949,0.33993663625250314,3655781.9205213366
pidigits,C# (csharpcore),10000,971.5,3.2611875,37568512.0,239.91541062490995,3.990711037035508,3197013.431055556
pidigits,C++ (gpp),10000,662.5,0.725,6403754.666666667,144.54335892283555,0.008027127917798216,102481.29410761238
pidigits,C++ (icx),2000,440.5,0.031,3850240.0,26.16295090390226,0.0,185363.80004736633
pidigits,C++ (icx),10000,440.5,0.7413333333333334,4485802.666666667,18.897894982844193,0.0030024144873124236,52865.33626412324
pidigits,Chapel,2000,469.0,0.0665,10158080.0,65.05382386916237,0.004949747468305837,0.0
pidigits,Chapel,10000,469.0,0.7755416666666667,11433642.666666666,46.98936049788289,0.0034386444076581774,158623.2194885965
pidigits,Dart (dartexe),2000,495.5,0.1175,11839488.0,0.7071067811865476,0.010606601717798208,2896.309375740099
pidigits,Dart (dartexe),10000,495.5,3.107333333333333,18417322.666666668,0.5107539184552128,0.19453370484016552,74563.40871725374
pidigits,Dart (dartjit),2000,495.5,1.31,185659392.0,0.7071067811865476,0.005656854249492385,1251205.6503197227
pidigits,Dart (dartjit),10000,495.5,3.9477083333333334,192235178.66666666,0.5107539184552128,0.24991746101231221,1242199.174641448
pidigits,Erlang,2000,576.3333333333334,1.4016666666666666,345647786.6666667,95.44806615816444,1.037759766676919,60024828.657590866
pidigits,Erlang,10000,576.3333333333334,2.1486666666666667,346104832.0,79.0385077938957,1.2565122704193088,49368779.187257536
pidigits,F# (fsharpcore),2000,902.0,0.21000000000000002,39325696.0,21.213203435596427,0.021213203435596416,515543.06888173753
pidigits,F# (fsharpcore),10000,902.0,1.0845416666666667,41335637.333333336,15.322617553657539,0.2568912778262206,702518.6224590772
pidigits,Fortran (ifc),10000,987.0,0.7419166666666667,5516288.0,0.0,0.0017816403745544226,83160.35530992347
pidigits,Fortran (ifx),10000,987.0,0.7425,6521173.333333333,0.0,0.0016236882817719793,95077.55739905022
pidigits,Go,10000,697.1666666666666,2.274111111111111,8420522.666666666,42.587110395411756,1.6126112544264886,1692393.2591568185
pidigits,Haskell (ghc),2000,517.0,0.4271666666666667,21000192.0,222.46797522340154,0.7926596789711627,4318923.089569806
pidigits,Haskell (ghc),10000,517.0,18.190555555555555,21697137.777777776,204.50971945634436,36.47682204733474,2690307.6208611773
pidigits,Java (graalvmaot),2000,866.0,1.0675,203307008.0,83.43860018001261,0.8690342340782669,33269905.799126513
pidigits,Java (graalvmaot),10000,866.0,8.531125000000001,270984533.3333333,60.26896237771937,0.39062517478257,42096790.80037996
pidigits,Java (javavm),2000,813.5,0.6815,118339584.0,92.09596444289329,0.5704813756819762,104192222.16331433
pidigits,Java (javavm),10000,813.5,3.0839166666666666,163776682.66666666,80.60146242271816,3.3457440595563694,167714664.20114985
pidigits,Java (javaxint),2000,875.5,3.4625,131065856.0,96.87362902255701,4.578516408182895,103951439.80468789
pidigits,Java (javaxint),10000,875.5,92.29337500000001,132771157.33333333,69.97328682836914,92.81292457261986,75859868.64886256
pidigits,JavaScript (node),2000,441.0,0.438,72306688.0,41.90465367951393,0.134502788075192,1866091.0294452412
pidigits,JavaScript (node),10000,441.0,8.580833333333334,92247950.22222222,34.700349936481686,5.321635019964661,14583494.039616987
pidigits,Lisp (sbcl),10000,549.6666666666666,4.263777777777778,824024974.2222222,75.55660129995262,1.2542941352720172,8664896.653606882
pidigits,Lua,2000,482.0,0.222,16060416.0,,,
pidigits,Lua,10000,482.0,3.017333333333333,24896512.0,0.0,0.01742690361759562,134553.04740442827
pidigits,OCaml,10000,465.0,2.7778333333333336,9895594.666666666,0.0,0.011280178378129715,69893.44145760653
pidigits,PHP,10000,523.8,21.468233333333334,17649322.666666668,131.75385370493603,41.005566699552055,412200.8886199454
pidigits,Pascal (fpascal),10000,1479.3333333333333,6.648166666666667,2581845.3333333335,1145.9535767211516,5.987584413959081,1009218.8728440854
pidigits,Perl,10000,471.0,13.573,16438272.0,0.0,0.11416176720298739,65001.45636410406
pidigits,Python 3,2000,369.0,0.134,15429632.0,,,
pidigits,Python 3,10000,430.0,2.4224444444444444,16156444.444444444,102.91855309626432,1.564793486044805,3092235.694283498
pidigits,Ruby,10000,524.0,18.087999999999997,53665109.333333336,0.0,0.09900596859877586,60447.285171511714
pidigits,Ruby (mri),2000,488.0,0.139,36864.0,,,
pidigits,Ruby (mri),6000,488.0,0.608,161408.0,,,
pidigits,Ruby (mri),10000,488.0,1.5201666666666667,282261.3333333333,0.0,0.004956477243634644,2387.0083926678235
pidigits,Rust,2000,1228.75,0.03125,3808256.0,286.97197888760263,0.0017078251276599337,247197.92672269724
pidigits,Rust,10000,1228.75,0.7392500000000001,4317696.0,251.1549915634449,0.014075026926394245,173765.4670351899
pidigits,Smalltalk (Pharo),10000,706.0,7.353333333333333,160842410.66666666,0.0,0.07200420863120464,46859.16872993512
pidigits,Swift,2000,606.0,0.072,13889536.0,,,
pidigits,Swift,10000,606.0,0.7520000000000001,14334976.0,0.0,0.0010444659357341844,111315.39838266274
pidigits,V,10000,757.0,459.535,515055616.0,,,
pidigits,erlang,10000,550.3333333333334,5.255972222222223,85740999.1111111,23.22068043791987,1.103090735449682,8985053.05297409
pidigits,racket,2000,800.5,0.649,129257472.0,482.95393155041194,0.1032375900532359,2571922.7256572074
pidigits,racket,10000,800.5,5.832708333333334,130674005.33333333,348.84492630493526,4.723161961147626,916816.5706330474
regexredux,Ada (gnat),5000000,3647.0,17.0,165110442.66666666,0.0,0.6795443660678416,14344953.489297146
regexredux,C (clang),50000,1258.5,0.065,6746112.0,116.13067352484157,0.014899664425751342,1367274.82227873
regexredux,C (clang),5000000,1258.5,3.57475,138323285.33333334,101.63639823807468,0.5857001810889763,29633325.830129582
regexredux,C (gcc),50000,1258.5,0.058,5939200.0,116.13067352484157,0.01183215956619923,1047845.0785849341
regexredux,C (gcc),5000000,1258.5,2.9767083333333333,136606037.33333334,101.63639823807452,0.5398170280371538,29224915.336390536
regexredux,C# (csharpaot),50000,1013.75,0.16749999999999998,15281152.0,585.5603441718596,0.13336791218280356,1791666.0473589008
regexredux,C# (csharpaot),5000000,1013.75,14.274104166666667,570360832.0,512.4765277447951,11.456227687101268,151515865.28954917
regexredux,C# (csharpcore),50000,1013.75,0.36475,47496192.0,585.5603441718596,0.24020043713532244,3447827.1093421527
regexredux,C# (csharpcore),5000000,1013.75,11.247604166666667,639842304.0,512.4765277447951,12.310070782484132,169884826.04227918
regexredux,C++ (gpp),5000000,1857.5,10.295541666666667,255194112.0,1019.9755751551327,8.21320914338427,39017141.37242685
regexredux,C++ (icx),50000,1258.5,0.0695,7316480.0,116.13067352484151,0.021455380055672133,1295443.2394862643
regexredux,C++ (icx),5000000,1258.5,3.6706041666666667,138900992.0,101.63639823807489,0.6276840152186389,29614310.487246428
regexredux,Chapel,50000,500.5,0.1015,14907392.0,3.5355339059327378,0.003535533905932726,78200.35314498267
regexredux,Chapel,5000000,500.5,4.33125,409487360.0,2.553769592276271,0.21479762973350144,19869648.146644536
regexredux,Dart (dartexe),50000,737.75,0.1935,23147520.0,231.50143988033133,0.014177446878757828,2999069.037958724
regexredux,Dart (dartexe),5000000,737.75,16.888541666666665,458660010.6666667,202.60773335936926,1.2611898967537611,46094680.21965279
regexredux,Dart (dartjit),50000,737.75,1.5427499999999998,196214784.0,231.50143988033133,0.08436972205714557,6047925.818239943
regexredux,Dart (dartjit),5000000,737.75,7.276208333333333,669452714.6666666,202.60773335936926,0.6122264203024177,52419984.31919493
regexredux,Erlang,50000,645.5,1.4572500000000002,343052288.0,167.6852209746981,0.7738567373874832,47855065.65946517
regexredux,Erlang,5000000,645.5,3.85775,611160405.3333334,146.75641999078144,0.859457609762531,89227971.20550695
regexredux,F# (fsharpcore),50000,636.8666666666667,0.3340666666666667,60255436.8,57.16750658830424,0.05733668318010065,1507663.6247463545
regexredux,F# (fsharpcore),5000000,556.3333333333334,5.704083333333333,784935480.8888888,85.7224757991908,0.7387715817490551,87330428.65192972
regexredux,Fortran (ifc),5000000,2229.0,3.13875,183837696.0,0.0,0.04070319397786857,14775991.629942996
regexredux,Fortran (ifx),5000000,2229.0,3.1405833333333333,193610410.66666666,0.0,0.04447769274046426,14782803.37768398
regexredux,Go,5000000,808.5,41.511125,333499733.3333333,35.44609332373448,23.822100985130277,38660540.22718887
regexredux,Haskell (ghc),50000,2219.0,0.05,27832320.0,,,
regexredux,Haskell (ghc),5000000,2219.0,2.378,404593322.6666667,0.0,0.04845053710181702,36846858.36438988
regexredux,Java (graalvmaot),50000,1249.25,0.24725000000000003,38697984.0,798.4035633688017,0.08652311829794394,5249955.092864955
regexredux,Java (graalvmaot),5000000,1249.25,17.263708333333334,413145856.0,698.7547738960736,7.7555751503754085,100601473.8108851
regexredux,Java (javavm),50000,1189.25,1.0135,84175872.0,679.0936975116173,0.0735866835779409,979188.9010264233
regexredux,Java (javavm),5000000,1189.25,13.628562500000001,720006229.3333334,594.3359784828351,6.085068121111203,344704181.9281187
regexredux,Java (javaxint),50000,852.0,10.253666666666668,72787285.33333333,96.57639463140049,0.11251814668458272,2789807.0190730644
regexredux,Java (javaxint),5000000,852.0,1008.1583333333333,861179904.0,96.57639463140049,7.266880096254094,402747510.97214675
regexredux,JavaScript (node),50000,573.0,0.2275,75526144.0,144.2497833620557,0.06717514421272204,11643163.690475198
regexredux,JavaScript (node),5000000,573.0,5.758875,1128502784.0,104.19379936487076,0.13994915614017783,121775638.85776818
regexredux,Lisp (sbcl),5000000,1977.0,29.756083333333333,1107410602.6666667,0.0,0.1915527263436811,45863355.394199304
regexredux,Lua,50000,488.0,0.049,8237056.0,,,
regexredux,Lua,5000000,488.0,2.596416666666667,364513962.6666667,0.0,0.03542330597305415,14701607.706933364
regexredux,OCaml,5000000,648.5,8.722166666666666,712982869.3333334,4.596785266097202,5.440577971747733,244503148.3766155
regexredux,PHP,5000000,822.0,3.6711666666666667,208000000.0,0.0,0.025088328808915032,14822316.192220284
regexredux,Pascal (fpascal),5000000,1313.0,5.557333333333333,110782122.66666667,0.0,0.015470401847829792,14687823.659137655
regexredux,Perl,5000000,681.6666666666666,28.208972222222222,322693688.8888889,161.81541512299924,4.285715526097702,152300069.57385972
regexredux,Python 3,5000000,963.0,9.63325,329775445.3333333,457.63551093590326,7.125912965154467,137700529.46942735
regexredux,Ruby,5000000,504.6666666666667,26.302222222222223,224112412.44444445,167.23362614703333,3.313951651609653,14356079.340815946
regexredux,Rust,50000,1035.7142857142858,0.031285714285714285,8158646.857142857,636.8175338576752,0.0029277002188456006,730847.8792041083
regexredux,Rust,5000000,1035.7142857142858,1.6568928571428572,184526604.19047618,593.119516419174,0.15786359964521013,28878682.988079287
regexredux,Swift,50000,716.6666666666666,0.4713333333333333,37634048.0,36.692415201691674,0.007234178138070193,3620975.2019123244
regexredux,Swift,5000000,716.6666666666666,40.59130555555556,915700394.6666666,30.38420642373274,1.1519784179388224,162509807.60328984
regexredux,erlang,5000000,1055.0,42.21266666666667,4462031872.0,0.0,0.5248835945986381,158176996.97493815
regexredux,racket,50000,642.0,1.2275,206888960.0,132.93607486307093,0.6187184335382291,64628247.41026456
regexredux,racket,5000000,642.0,24.773416666666666,1518098432.0,96.02173666958684,0.7408886507118446,134324241.45897177
revcomp,Ada (gnat),100000001,2114.0,9.690666666666667,863944704.0,1196.1856770221934,6.138139632244246,593316727.3453134
revcomp,C (clang),250000,1067.5,0.0335,10341717.333333334,524.1124879260177,0.04101585059461769,1073525.3172553815
revcomp,C (clang),100000001,1067.5,2.796736111111111,883518236.4444444,481.80461822282814,4.180425067655592,611115677.1874183
revcomp,C (gcc),250000,1067.5,0.017499999999999998,10000384.0,524.1124879260177,0.007092249290598858,320282.5811510828
revcomp,C (gcc),100000001,1067.5,1.7743472222222223,881876309.3333334,481.804618222828,1.2126410144190773,611488221.2531924
revcomp,C# (csharpaot),250000,1324.6,0.06,14636646.4,303.8516085196851,0.0331587092631785,518832.4154067476
revcomp,C# (csharpaot),100000001,1324.6,6.6563,1113381068.8,274.06662557531007,5.373979894684625,563319543.7261072
revcomp,C# (csharpcore),250000,1544.0,0.14633333333333334,43216896.0,602.2281959523317,0.031149103785930454,2286564.622854469
revcomp,C# (csharpcore),100000001,1544.0,6.330166666666667,1083078542.2222223,553.614601289167,6.519599251055711,609977730.931385
revcomp,C++ (gpp),100000001,1134.0,15.173916666666665,935439018.6666666,693.401553420321,16.393711172929347,589928594.2139883
revcomp,C++ (icx),250000,1067.5,0.033666666666666664,10956117.333333334,524.1124879260177,0.04138920954387347,1156051.7679167602
revcomp,C++ (icx),100000001,1067.5,2.7616111111111112,891639239.1111112,481.804618222828,3.8763081737528275,609036292.4018918
revcomp,Chapel,250000,841.0,0.09000000000000001,22043306.666666668,371.0485143481914,0.029512709126747416,1114159.685254019
revcomp,Chapel,100000001,841.0,4.584888888888889,1791956992.0,307.2573607162011,5.130100810915779,711336437.946839
revcomp,Dart (dartexe),250000,834.9375,0.0931875,22192896.0,119.05207194053085,0.06731638606857422,12938303.668573063
revcomp,Dart (dartexe),100000001,684.75,55.19672916666667,4220089941.3333335,153.51269959247745,43.84199384090972,2628374489.5728674
revcomp,Dart (dartjit),250000,834.9375,1.0123125,196854784.0,119.05207194053085,0.24597688746438487,10479074.295269042
revcomp,Dart (dartjit),100000001,684.75,40.14370833333333,4374199210.666667,153.5126995924774,33.90671275279211,2618910455.011837
revcomp,Erlang,250000,483.6666666666667,0.9026666666666667,325050368.0,41.18656738954258,0.06741908730718128,7364690.010666844
revcomp,Erlang,100000001,483.6666666666667,11.665611111111112,1691645496.8888888,34.105717995667554,13.593815375861771,721900967.4919957
revcomp,F# (fsharpcore),250000,1124.76,0.18975999999999998,43366481.92,108.70114994791918,0.06011397508067487,2362276.3753016195
revcomp,F# (fsharpcore),100000001,603.0,45.467000000000006,3251402752.0,0.0,7.735253136834572,597176256.0421779
revcomp,Fortran (ifc),100000001,902.0,25.680333333333333,1061584042.6666666,126.66697177690178,21.772208774663543,558597704.3379748
revcomp,Fortran (ifx),100000001,902.0,25.1695,1061560661.3333334,126.66697177690178,22.16217080679521,558561623.7805479
revcomp,Go,100000001,854.3333333333334,3.098805555555556,1142135239.1111112,348.2957692208489,1.0124514752236473,604175591.1561999
revcomp,Haskell (ghc),250000,1022.5,0.039999999999999994,24979456.0,34.64823227814083,0.004242640687119281,6704956.204838328
revcomp,Haskell (ghc),100000001,1022.5,5.266166666666667,2192025258.6666665,25.026942004307255,1.9850080421842715,1645780824.1855235
revcomp,Java (graalvmaot),250000,1551.1333333333334,0.05486666666666666,36410982.4,377.27876519447346,0.020013804759524887,5510668.953399255
revcomp,Java (graalvmaot),100000001,843.6666666666666,6.093805555555556,1864608768.0,199.29074238408572,1.2769710774092273,720809069.9962128
revcomp,Java (javavm),250000,1551.1333333333334,0.18953333333333333,77875609.6,377.27876519447346,0.05527705112388307,4477429.813517775
revcomp,Java (javavm),100000001,843.6666666666666,5.163694444444444,1906798819.5555556,199.2907423840857,1.2915118896514701,720105902.1202904
revcomp,Java (javaxint),100000001,843.6666666666666,101.0385,1900243740.4444444,199.2907423840857,53.84891603710727,720579987.9154224
revcomp,JavaScript (node),250000,1466.1538461538462,0.38153846153846155,93800605.53846154,71.55632531305456,0.046942545351765536,5471310.255140359
revcomp,JavaScript (node),100000001,1228.0,16.597583333333333,934352896.0,0.0,0.9607993318381337,596197790.593237
revcomp,Lisp (sbcl),100000001,911.0,5.820416666666667,1710922752.0,0.0,1.1034521415937706,596391988.8732121
revcomp,Lua,250000,639.3333333333334,0.156,14884864.0,104.69638643875601,0.010000000000000009,1898755.5723304672
revcomp,Lua,100000001,639.3333333333334,44.088166666666666,2011777479.1111112,86.6968445627801,3.746731348789231,1001759438.2376711
revcomp,OCaml,100000001,1053.0,7.103861111111112,1468115171.5555556,449.668068055284,1.9232621417458977,554284523.3796408
revcomp,PHP,100000001,354.3333333333333,11.996749999999999,1856489472.0,71.52382220531243,1.2950331352627904,458065562.533469
revcomp,Pascal (fpascal),100000001,773.0,4.1353333333333335,708005546.6666666,0.0,1.0303268089947644,585645574.44533
revcomp,Perl,100000001,281.5,6.579250000000001,1410993664.0,13.79035579829171,0.8227964115032397,510712034.5129633
revcomp,Python 3,100000001,641.8333333333334,9.896513888888888,2401323975.111111,230.46364780100674,2.9849122288417265,1130467644.5482464
revcomp,Ruby,100000001,438.4,17.839233333333333,3446871586.133333,131.34289448692456,4.951956300177743,2192883772.3664136
revcomp,Rust,250000,1733.0,0.015666666666666666,11104256.0,898.3390228638629,0.0015275252316519481,723254.3243313517
revcomp,Rust,100000001,1733.0,1.5610833333333334,1024727267.5555556,743.8953843499386,0.7016183893582854,628127597.1613318
revcomp,Smalltalk (Pharo),100000001,738.0769230769231,186.76307692307694,1443476086.1538463,50.75506795460847,113.6273336984119,688953497.6601949
revcomp,Swift,250000,1293.0,0.048,30953472.0,,,
revcomp,Swift,100000001,1293.0,2.673833333333333,975275349.3333334,0.0,0.6705678507237296,518873085.1115005
revcomp,Toit,250000,578.0,0.331,82149376.0,,,
revcomp,Toit,100000001,578.0,103.984,1220761941.3333333,0.0,1.8096811371569936,493459050.45480204
revcomp,erlang,250000,908.0,3.512541666666667,89250645.33333333,276.8286238027452,0.5342797654353226,7003927.283259972
revcomp,erlang,100000001,1309.0,1977.666,4154388480.0,,,
revcomp,racket,250000,799.0,0.45,128428032.0,337.9970414071697,0.01555634918610406,1456843.6159972695
revcomp,racket,100000001,799.0,26.422625,1674881194.6666667,244.14037302160912,17.480947344770886,882826713.6483697
spectralnorm,Ada (gnat),5500,1742.3333333333333,4.683833333333333,7660999.111111111,849.6996444122393,1.2328043872175571,1103328.0968834448
spectralnorm,C (clang),500,804.2857142857143,0.05185714285714286,4894720.0,326.7056342161418,0.02319072064015096,883556.3493669585
spectralnorm,C (clang),5500,804.2857142857143,4.680428571428571,4986977.523809524,304.2872996976952,2.4801463680365075,764016.212338904
spectralnorm,C (gcc),500,781.5,0.04066666666666666,3580586.6666666665,351.74237731612607,0.01791833325582116,444097.20301513566
spectralnorm,C (gcc),5500,781.5,3.5475694444444446,3742151.111111111,323.34871944418956,1.5015180940164665,362904.2818205728
spectralnorm,C# (csharpaot),500,797.75,0.05575,6726656.0,269.6867009451276,0.009322910847297998,382698.4520132441
spectralnorm,C# (csharpaot),5500,797.75,4.9355416666666665,7114410.666666667,236.02709004273757,1.2106915899131883,532325.0087578013
spectralnorm,C# (csharpcore),500,1007.6666666666666,0.15233333333333335,32994918.4,180.9789516832854,0.03089074449148312,772288.5143849876
spectralnorm,C# (csharpcore),5500,702.3333333333334,4.924555555555555,35926016.0,193.26428980617627,1.0064313884624922,2133233.607055734
spectralnorm,C++ (gpp),5500,960.75,4.887708333333333,4762965.333333333,308.2585609930922,1.2243265618869195,850165.0141924352
spectralnorm,C++ (icx),500,781.5,0.037333333333333336,4852394.666666667,351.74237731612607,0.00835862827661732,945995.7115392579
spectralnorm,C++ (icx),5500,781.5,2.629930555555555,5053952.0,323.3487194441896,0.48816469532057905,827577.3123950331
spectralnorm,Chapel,500,335.0,0.0695,9979904.0,18.384776310850235,0.01626345596729059,165089.63441718562
spectralnorm,Chapel,5500,335.0,4.349666666666667,10004992.0,13.279601879836488,1.4698715905662043,112367.27774966136
spectralnorm,Dart (dartexe),500,816.25,0.07075000000000001,10632192.0,429.2570131440293,0.00997914491994847,2122914.756905703
spectralnorm,Dart (dartexe),5500,816.25,6.288958333333333,15174400.0,375.68142343599266,1.2315223403668711,5920658.650211542
spectralnorm,Dart (dartjit),500,816.25,1.30325,192613376.0,429.2570131440293,0.10190641131286425,8701001.452437988
spectralnorm,Dart (dartjit),5500,816.25,7.996312499999999,199667200.0,375.68142343599277,1.7826796129404792,16837925.958141565
spectralnorm,Erlang,500,406.0,2.0475000000000003,365498368.0,41.012193308819754,0.963786542757264,69725751.91156714
spectralnorm,Erlang,5500,406.0,4.778833333333334,365462698.6666667,29.623727270404487,1.07550682356563,50425722.85742656
spectralnorm,F# (fsharpcore),500,766.3333333333334,0.2773333333333334,44146688.0,87.03064594344531,0.01700980109623076,832969.7142729741
spectralnorm,F# (fsharpcore),5500,757.4545454545455,4.965575757575758,45847893.333333336,68.59441071849938,1.2056364250444407,902178.0939452414
spectralnorm,Fortran (ifc),5500,582.0,2.776875,4767232.0,63.333485888450824,0.11002462668994117,469514.9846517385
spectralnorm,Fortran (ifx),5500,582.0,2.784291666666667,3836245.3333333335,63.333485888450824,0.11786782544597299,1413736.9323342294
spectralnorm,Go,5500,518.75,5.525291666666667,4056746.6666666665,105.77947755751313,0.17093671322766804,261274.92820100347
spectralnorm,Haskell (ghc),500,702.0,0.1075,9680896.0,412.95036021294374,0.06293250352560273,136126.54065978463
spectralnorm,Haskell (ghc),5500,702.0,10.902916666666668,11325440.0,298.28028837786553,5.3063099183213325,1387107.2664495767
spectralnorm,Java,500,521.0,0.338,61132800.0,,,
spectralnorm,Java,5500,673.0,5.818083333333333,62201856.0,201.8092632249676,0.31247146820104466,428226.37305090856
spectralnorm,Java (graalvmaot),500,673.0,0.11475,24895488.0,230.5891006386324,0.011615363389350613,3628664.5627870685
spectralnorm,Java (graalvmaot),5500,673.0,5.5314375,25580458.666666668,201.8092632249676,0.18478105574931084,3140234.3223249484
spectralnorm,Java (javavm),500,673.0,0.36375,61607936.0,230.5891006386324,0.03350994877147184,529805.6327472054
spectralnorm,Java (javavm),5500,673.0,5.8019791666666665,62199210.666666664,201.8092632249676,0.30009044661981804,430089.9511175679
spectralnorm,Java (javaxint),500,521.0,0.887,56778752.0,,,
spectralnorm,Java (javaxint),5500,673.0,85.14966666666668,57887146.666666664,201.8092632249676,13.111483018726545,413675.4975609154
spectralnorm,JavaScript (node),500,525.75,0.42575,79205376.0,319.92329809919545,0.24771135756494228,25258819.814166352
spectralnorm,JavaScript (node),5500,525.75,5.850958333333334,79417856.0,279.9936549433052,0.4741249031203334,22023423.256223094
spectralnorm,Lisp (sbcl),5500,755.3333333333334,5.597527777777778,29344654.222222224,142.95000603480966,0.17550618722067465,338946.61676743557
spectralnorm,Lua,500,335.0,0.648,3465216.0,,,
spectralnorm,Lua,5500,335.0,83.48466666666667,3573077.3333333335,0.0,8.851998278081144,5335.7686561089895
spectralnorm,MicroPython,500,334.0,6.902,1079758848.0,,,
spectralnorm,MicroPython,5500,334.0,726.121,1079648256.0,,,
spectralnorm,OCaml,5500,383.0,5.33575,6119765.333333333,0.0,0.0029886147596869337,87230.17228348283
spectralnorm,PHP,5500,782.75,120.84285416666667,21252778.666666668,407.8525234089692,28.393619005197667,4630245.033546581
spectralnorm,Pascal (fpascal),5500,544.3333333333334,7.751416666666667,2633728.0,94.0237052176585,2.9134932628817123,1647726.3788295502
spectralnorm,Perl,5500,425.86842105263156,124.85868421052632,11759616.0,125.09891676516597,93.22560005970558,2276505.5431554075
spectralnorm,Python 3,5500,377.0,377.075,23941120.0,49.8196748283246,34.008973688327224,12353832.512798717
spectralnorm,Ruby,5500,463.6666666666667,170.00533333333334,27599075.555555556,215.98465553962723,33.760348939462794,11607682.18261504
spectralnorm,Rust,500,1076.0,0.035833333333333335,4426410.666666667,144.1346592600128,0.0038686776379877733,492472.53480155277
spectralnorm,Rust,5500,1076.0,2.8690416666666665,4076544.0,132.49969439241937,0.03025638682430491,90712.46799843006
spectralnorm,Smalltalk (Pharo),5500,683.0,53.8965,142379008.0,0.0,0.1824278188514826,50724.89382757019
spectralnorm,Swift,500,509.0,0.093,19408896.0,138.59292911256333,0.029698484809835002,7579641.636311838
spectralnorm,Swift,5500,509.0,5.527291666666667,19306666.666666668,100.10776801722885,0.18230754692734694,5691700.116592553
spectralnorm,Toit,500,329.0,2.344,72904704.0,,,
spectralnorm,Toit,5500,329.0,344.592,73793536.0,,,
spectralnorm,V,5500,851.5,1432.7795,1873448960.0,286.37824638055173,1311.0459758911966,1921851878.891094
spectralnorm,erlang,5500,633.0,53.368125,72335872.0,122.58094042925985,10.901555845532364,3358259.833588453
spectralnorm,racket,500,543.3333333333334,0.5760000000000001,123914922.66666667,93.57528163640937,0.05243090691567331,1460787.354629461
spectralnorm,racket,5500,543.3333333333334,19.909000000000002,128214243.55555555,77.48769487565659,7.0308491379064595,1126712.8779430776
